INSERT INTO	Types
			(Type,								Kind)
VALUES		('PROMOTION_VAMPIRE_ENTHRALL',		'KIND_PROMOTION'),
			('PROMOTION_VAMPIRE_BAT_SWARM',		'KIND_PROMOTION'),
			('PROMOTION_VAMPIRE_DARK_GIFT',		'KIND_PROMOTION'),
			('PROMOTION_VAMPIRE_EMISSARY',		'KIND_PROMOTION'),
			('PROMOTION_VAMPIRE_BLOODLUST',		'KIND_PROMOTION'),
			('PROMOTION_VAMPIRE_MIST_CLOUD',	'KIND_PROMOTION'),
			('PROMOTION_VAMPIRE_IMMORTAL',		'KIND_PROMOTION');

INSERT INTO	UnitPromotions
			(UnitPromotionType,					Name,				Description,															Level,	Column,	PromotionClass)
VALUES		('PROMOTION_VAMPIRE_ENTHRALL',		'Enthrall',			'Defeated enemy units are converted to Builders.',						'1',	'1',	'PROMOTION_CLASS_VAMPIRE'),
			('PROMOTION_VAMPIRE_BAT_SWARM',		'Bat Swarm',		'LOC_PROMOTION_COMMANDO_DESCRIPTION',									'1',	'3',	'PROMOTION_CLASS_VAMPIRE'),
			('PROMOTION_VAMPIRE_DARK_GIFT',		'Dark Gift',		'LOC_PROMOTION_MONK_EXPLODING_PALMS_DESCRIPTION',						'2',	'1',	'PROMOTION_CLASS_VAMPIRE'),
			('PROMOTION_VAMPIRE_EMISSARY',		'Emissary',			'Even without Open Borders, this unit can enter foreign territory.',	'2',	'3',	'PROMOTION_CLASS_VAMPIRE'),
			('PROMOTION_VAMPIRE_BLOODLUST',		'Bloodlust',		'LOC_PROMOTION_ELITE_GUARD_DESCRIPTION',								'3',	'1',	'PROMOTION_CLASS_VAMPIRE'),
			('PROMOTION_VAMPIRE_MIST_CLOUD',	'Mist Cloud',		'LOC_PROMOTION_MONK_TWILIGHT_VEIL_DESCRIPTION',							'3',	'3',	'PROMOTION_CLASS_VAMPIRE'),
			('PROMOTION_VAMPIRE_IMMORTAL',		'Immortal Blood',	'LOC_ABILITY_MAMLUK_DESCRIPTION',										'4',	'2',	'PROMOTION_CLASS_VAMPIRE');
			
			INSERT INTO	UnitPromotionPrereqs
			(UnitPromotion,						PrereqUnitPromotion)
VALUES		('PROMOTION_VAMPIRE_DARK_GIFT',		'PROMOTION_VAMPIRE_ENTHRALL'),
			('PROMOTION_VAMPIRE_DARK_GIFT',		'PROMOTION_VAMPIRE_BAT_SWARM'),
			('PROMOTION_VAMPIRE_EMISSARY',		'PROMOTION_VAMPIRE_ENTHRALL'),
			('PROMOTION_VAMPIRE_EMISSARY',		'PROMOTION_VAMPIRE_BAT_SWARM'),
			('PROMOTION_VAMPIRE_BLOODLUST',		'PROMOTION_VAMPIRE_DARK_GIFT'),
			('PROMOTION_VAMPIRE_MIST_CLOUD',	'PROMOTION_VAMPIRE_EMISSARY'),
			('PROMOTION_VAMPIRE_IMMORTAL',		'PROMOTION_VAMPIRE_BLOODLUST'),
			('PROMOTION_VAMPIRE_IMMORTAL',		'PROMOTION_VAMPIRE_MIST_CLOUD');
			
INSERT INTO	UnitPromotionModifiers
			(UnitPromotionType,					ModifierId)
VALUES		('PROMOTION_VAMPIRE_ENTHRALL',		'CAPTURE_COMBAT_UNITS_AS_WORKERS'),
			('PROMOTION_VAMPIRE_BAT_SWARM',		'COMMANDO_BONUS_IGNORE_CLIFF_WALLS'),  
			('PROMOTION_VAMPIRE_BAT_SWARM',		'COMMANDO_BONUS_MOVEMENT'),
			('PROMOTION_VAMPIRE_DARK_GIFT',		'EXPLODING_PALMS_INCREASED_COMBAT_STRENGTH'),
			('PROMOTION_VAMPIRE_EMISSARY',		'MOD_ENTER_FOREIGN_LANDS'),
			('PROMOTION_VAMPIRE_BLOODLUST',		'SWEEPING_WIND_ADDITIONAL_ATTACK'),
			('PROMOTION_VAMPIRE_BLOODLUST',		'MOD_MOVE_AFTER_ATTACKING'),
			('PROMOTION_VAMPIRE_MIST_CLOUD',	'CAMOUFLAGE_STEALTH'),  
			('PROMOTION_VAMPIRE_IMMORTAL',		'MAMLUK_HEAL_EVERY_MOVE');